<?xml version="1.0" encoding="UTF-8"?>

<mule xmlns:jms="http://www.mulesoft.org/schema/mule/jms" xmlns:sfdc="http://www.mulesoft.org/schema/mule/sfdc" xmlns:metadata="http://www.mulesoft.org/schema/mule/metadata" xmlns:cluster="http://www.mulesoft.org/schema/mule/ee/cluster" xmlns:dw="http://www.mulesoft.org/schema/mule/ee/dw"
	xmlns:ws="http://www.mulesoft.org/schema/mule/ws" xmlns:db="http://www.mulesoft.org/schema/mule/db" xmlns:http="http://www.mulesoft.org/schema/mule/http" xmlns:context="http://www.springframework.org/schema/context" xmlns="http://www.mulesoft.org/schema/mule/core" xmlns:doc="http://www.mulesoft.org/schema/mule/documentation"
	xmlns:spring="http://www.springframework.org/schema/beans" 
	xmlns:xsi="http://www.w3.org/2001/XMLSchema-instance"
	xsi:schemaLocation="http://www.mulesoft.org/schema/mule/ee/dw http://www.mulesoft.org/schema/mule/ee/dw/current/dw.xsd
http://www.springframework.org/schema/beans http://www.springframework.org/schema/beans/spring-beans-current.xsd
http://www.mulesoft.org/schema/mule/core http://www.mulesoft.org/schema/mule/core/current/mule.xsd
http://www.mulesoft.org/schema/mule/http http://www.mulesoft.org/schema/mule/http/current/mule-http.xsd
http://www.springframework.org/schema/context http://www.springframework.org/schema/context/spring-context-current.xsd
http://www.mulesoft.org/schema/mule/db http://www.mulesoft.org/schema/mule/db/current/mule-db.xsd
http://www.mulesoft.org/schema/mule/ws http://www.mulesoft.org/schema/mule/ws/current/mule-ws.xsd
http://www.mulesoft.org/schema/mule/sfdc http://www.mulesoft.org/schema/mule/sfdc/current/mule-sfdc.xsd
http://www.mulesoft.org/schema/mule/jms http://www.mulesoft.org/schema/mule/jms/current/mule-jms.xsd">
    <http:listener-config name="HTTP_Listener_Configuration" host="0.0.0.0" port="${http.port}" doc:name="HTTP Listener Configuration"/>
    <context:property-placeholder location="flights-${env}.properties"/>
    <db:mysql-config name="American_MySQL_Connector" host="${american.db.host}" port="${american.db.port}" user="${american.db.creds}" password="${american.db.creds}" database="${american.db.database}" doc:name="MySQL Configuration"/>
    <http:request-config name="United_REST_Connector" host="${united.rest.host}" port="${united.rest.port}" basePath="${united.rest.basepath}" doc:name="HTTP Request Configuration"/>
    <ws:consumer-config name="Delta_SOAP_Connector" wsdlLocation="http://ilt.mulesoft-training.com/essentials/delta?wsdl" service="TicketServiceService" port="TicketServicePort" serviceAddress="http://${delta.soap.host}:${delta.soap.port}${delta.soap.basepath}" doc:name="Web Service Consumer"/>
    <configuration defaultExceptionStrategy-ref="flights-implementationChoice_Exception_Strategy" doc:name="Configuration">
        <http:config useTransportForUris="false"/>
    </configuration>
    <sfdc:config name="Salesforce__Basic_Authentication" username="gopale@hotmail.com" password="1MuleSoft" securityToken="aUPfl5YLY4RJwo9DA0ccm7Kns" doc:name="Salesforce: Basic Authentication"/>
    <jms:activemq-connector name="Active_MQ" brokerURL="tcp://jms.mulesoft-training.com:61616" validateConnections="true" doc:name="Active MQ"/>


    <choice-exception-strategy name="flights-implementationChoice_Exception_Strategy">
        <catch-exception-strategy when="#[exception.causeMatches('com.mulesoft.weave.*')]" doc:name="BAD DESTINATION - DataWeaveException">
            <dw:transform-message doc:name="Transform Message">
                <dw:set-payload><![CDATA[%dw 1.0
%output application/json
---
{
	message: 'Sorry...there are no flights to destination: ' ++ flowVars.cityCode,
	errorCode: 400
}]]></dw:set-payload>
            </dw:transform-message>
            <logger message="#['Error: ' + exception]" level="INFO" doc:name="Logger"/>
        </catch-exception-strategy>
        <catch-exception-strategy doc:name="SERVICE DOWN - CatchAllOtherException">
            <dw:transform-message doc:name="Transform Message">
                <dw:set-payload><![CDATA[%dw 1.0
%output application/json
---
{
	message: 'Service temporarily unavailable...Try later',
	errorCode: 500
}]]></dw:set-payload>
            </dw:transform-message>
            <set-property propertyName="http.status" value="500" doc:name="Property: http.status = 500"/>
            <logger message="#['Error: ' + exception]" level="INFO" doc:name="Logger"/>
        </catch-exception-strategy>
    </choice-exception-strategy>



</mule>
