<?xml version="1.0" encoding="UTF-8"?>

<mule xmlns:metadata="http://www.mulesoft.org/schema/mule/metadata" xmlns:dw="http://www.mulesoft.org/schema/mule/ee/dw" xmlns:http="http://www.mulesoft.org/schema/mule/http" xmlns:tracking="http://www.mulesoft.org/schema/mule/ee/tracking" xmlns="http://www.mulesoft.org/schema/mule/core" xmlns:doc="http://www.mulesoft.org/schema/mule/documentation"
	xmlns:spring="http://www.springframework.org/schema/beans" 
	xmlns:xsi="http://www.w3.org/2001/XMLSchema-instance"
	xsi:schemaLocation="http://www.springframework.org/schema/beans http://www.springframework.org/schema/beans/spring-beans-current.xsd
http://www.mulesoft.org/schema/mule/core http://www.mulesoft.org/schema/mule/core/current/mule.xsd
http://www.mulesoft.org/schema/mule/http http://www.mulesoft.org/schema/mule/http/current/mule-http.xsd
http://www.mulesoft.org/schema/mule/ee/tracking http://www.mulesoft.org/schema/mule/ee/tracking/current/mule-tracking-ee.xsd
http://www.mulesoft.org/schema/mule/ee/dw http://www.mulesoft.org/schema/mule/ee/dw/current/dw.xsd">
    <http:listener-config name="HTTP_Listener_Configuration" host="0.0.0.0" port="8081" doc:name="HTTP Listener Configuration"/>
    <flow name="handleSingleFlightFlow">
        <http:listener config-ref="HTTP_Listener_Configuration" path="/single" allowedMethods="POST" doc:name="HTTP"/>
        <dw:transform-message doc:name="Transform Message" metadata:id="f0118186-5beb-4670-a8e6-2305d4ff7158">
            <dw:input-payload doc:sample="flight-example.json" mimeType="application/json"/>
            <dw:set-payload resource="classpath:payload_json.dwl"/>
            <dw:set-variable resource="classpath:flightData_xml.dwl" variableName="flightData_xml"/>

        </dw:transform-message>
        <logger message="#[payload]" level="INFO" doc:name="Logger"/>
    </flow>
    <flow name="handleMultiFlightsFlow">
        <http:listener config-ref="HTTP_Listener_Configuration" path="/multi" allowedMethods="POST" doc:name="HTTP"/>
        <dw:transform-message doc:name="JSON Array to Java ArrayList" metadata:id="696f0465-de5a-4942-b6fd-4fdea2bfcb29">
            <dw:input-payload doc:sample="flights-example.json" mimeType="application/json"/>
            <dw:set-payload><![CDATA[%dw 1.0
%output application/java
---      
	payload map {
	 flight @(ID: $$): {
		carrier: $.airline,
		carrierCode: $.flightCode,
		fromCity: $.fromAirportCode,
		leavingOn: $.departureDate
	  }
	}
]]></dw:set-payload>
        </dw:transform-message>
        <set-payload value="&lt;ns2:listAllFlightsResponse xmlns:ns2=&quot;http://soap.training.mulesoft.com/&quot;&gt;
    &lt;return airlineName=&quot;United&quot;&gt;
        &lt;code&gt;A1B2C3&lt;/code&gt;
		&lt;departureDate&gt;2015/10/20&lt;/departureDate&gt;
        &lt;destination&gt;SFO&lt;/destination&gt;
		&lt;emptySeats&gt;40&lt;/emptySeats&gt;
        &lt;origin&gt;MUA&lt;/origin&gt;
        &lt;planeType&gt;Boing 737&lt;/planeType&gt;
        &lt;price&gt;400.0&lt;/price&gt;
    &lt;/return&gt;
    &lt;return airlineName=&quot;Delta&quot;&gt;
        &lt;code&gt;A1B2C4&lt;/code&gt;
        &lt;departureDate&gt;2015/10/21&lt;/departureDate&gt;
		&lt;destination&gt;LAX&lt;/destination&gt;
		&lt;emptySeats&gt;10&lt;/emptySeats&gt;
        &lt;origin&gt;MUA&lt;/origin&gt;
        &lt;planeType&gt;Boing 737&lt;/planeType&gt;
        &lt;price&gt;199.99&lt;/price&gt;
    &lt;/return&gt;
    &lt;return airlineName=&quot;Delta&quot;&gt;
        &lt;code&gt;AFFFC5&lt;/code&gt;
		&lt;departureDate&gt;2015/10/21&lt;/departureDate&gt;
		&lt;destination&gt;PDX&lt;/destination&gt;
        &lt;emptySeats&gt;30&lt;/emptySeats&gt;
        &lt;origin&gt;MUA&lt;/origin&gt;
        &lt;planeType&gt;Boing 777&lt;/planeType&gt;
        &lt;price&gt;283.0&lt;/price&gt;
    &lt;/return&gt;
    &lt;return airlineName=&quot;Delta&quot;&gt;
        &lt;code&gt;AFFFC4&lt;/code&gt;
        &lt;departureDate&gt;2015/10/20&lt;/departureDate&gt;
        &lt;destination&gt;PDX&lt;/destination&gt;
		&lt;emptySeats&gt;0&lt;/emptySeats&gt;
        &lt;origin&gt;MUA&lt;/origin&gt;
        &lt;planeType&gt;Boing 777&lt;/planeType&gt;
        &lt;price&gt;283.0&lt;/price&gt;
    &lt;/return&gt;
    &lt;return airlineName=&quot;Delta&quot;&gt;
        &lt;code&gt;AFFFC3&lt;/code&gt;
        &lt;departureDate&gt;2015/10/20&lt;/departureDate&gt;
        &lt;destination&gt;PDX&lt;/destination&gt;
		&lt;emptySeats&gt;23&lt;/emptySeats&gt;
        &lt;origin&gt;MUA&lt;/origin&gt;
        &lt;planeType&gt;Boing 777&lt;/planeType&gt;
        &lt;price&gt;283.0&lt;/price&gt;
    &lt;/return&gt;
&lt;/ns2:listAllFlightsResponse&gt;" mimeType="application/xml" doc:name="Set XML Payload"/>
        <dw:transform-message doc:name="XML to Java ArrayList" metadata:id="975f8819-8748-45f5-8663-dd7e2e7c8010">
            <dw:input-payload doc:sample="flights-example.xml" mimeType="application/xml"/>
            <dw:set-payload><![CDATA[%dw 1.0
%output application/java
%namespace ns0 http://soap.training.mulesoft.com/
%type currency = :string {format: '\$#.00'}
%type double = :number {class: 'java.lang.Double'}
---
payload.ns0#listAllFlightsResponse.*return map {
	carrierCode: $.code,
	leavingOn: $.departureDate as :date {format: 'yyyy/MM/dd'} as :string {format: 'MMM dd, yyyy'},
	toCity: $.destination,
	seatsOpen: $.emptySeats as :number,
	cost: $.price as :number as :currency,
	carrierType: $.planeType replace 'Boing' with upper 'Boeing',
	carrier: $.@airlineName
}]]></dw:set-payload>
        </dw:transform-message>
        <logger message="#[payload]" level="INFO" doc:name="Logger"/>
    </flow>
</mule>
