<?xml version="1.0" encoding="UTF-8"?>

<mule xmlns:dw="http://www.mulesoft.org/schema/mule/ee/dw" xmlns:metadata="http://www.mulesoft.org/schema/mule/metadata" xmlns:ws="http://www.mulesoft.org/schema/mule/ws" xmlns:db="http://www.mulesoft.org/schema/mule/db" xmlns:json="http://www.mulesoft.org/schema/mule/json" xmlns:http="http://www.mulesoft.org/schema/mule/http" xmlns:tracking="http://www.mulesoft.org/schema/mule/ee/tracking" xmlns="http://www.mulesoft.org/schema/mule/core" xmlns:doc="http://www.mulesoft.org/schema/mule/documentation"
	xmlns:spring="http://www.springframework.org/schema/beans" 
	xmlns:xsi="http://www.w3.org/2001/XMLSchema-instance"
	xsi:schemaLocation="http://www.springframework.org/schema/beans http://www.springframework.org/schema/beans/spring-beans-current.xsd
http://www.mulesoft.org/schema/mule/core http://www.mulesoft.org/schema/mule/core/current/mule.xsd
http://www.mulesoft.org/schema/mule/http http://www.mulesoft.org/schema/mule/http/current/mule-http.xsd
http://www.mulesoft.org/schema/mule/ee/tracking http://www.mulesoft.org/schema/mule/ee/tracking/current/mule-tracking-ee.xsd
http://www.mulesoft.org/schema/mule/db http://www.mulesoft.org/schema/mule/db/current/mule-db.xsd
http://www.mulesoft.org/schema/mule/json http://www.mulesoft.org/schema/mule/json/current/mule-json.xsd
http://www.mulesoft.org/schema/mule/ws http://www.mulesoft.org/schema/mule/ws/current/mule-ws.xsd
http://www.mulesoft.org/schema/mule/ee/dw http://www.mulesoft.org/schema/mule/ee/dw/current/dw.xsd">









    <flow name="getMainFlightsFlow">
        <http:listener config-ref="HTTP_Listener_Configuration" path="/flights" allowedMethods="GET" doc:name="HTTP"/>
        <set-variable variableName="carrier" value="#[message.inboundProperties.'http.query.params'.airline]" doc:name="Variable: carrier"/>
        <choice doc:name="Choice: Route based on &quot;carrier&quot;">
            <when expression="#[flowVars.carrier == 'american']">
                <flow-ref name="getAmericanFlightsFlow" doc:name="Call getAmerican FlightsFlow"/>
            </when>
            <when expression="#[flowVars.carrier == 'delta']">
                <flow-ref name="getDeltaFlightsFlow" doc:name="Call getDelta FlightsFlow"/>
            </when>
            <when expression="#[flowVars.carrier == 'united']">
                <flow-ref name="getUnitedFlightsFlow" doc:name="Call getUnited FlightsFlow"/>
            </when>
            <otherwise>
                <flow-ref name="getAllAirlinesFlightFlow" doc:name="Call getAllAirlines FlightFlow"/>
            </otherwise>
        </choice>
        <dw:transform-message doc:name="Java ArrayList to JSON Array">
            <dw:set-payload><![CDATA[%dw 1.0
%output application/json
---
payload orderBy $.price]]></dw:set-payload>
        </dw:transform-message>
        <logger message="#[payload]" level="INFO" doc:name="Logger"/>
    </flow>
    <flow name="getAllAirlinesFlightFlow">
        <scatter-gather doc:name="Scatter-Gather">
            <flow-ref name="getAmericanFlightsFlow" doc:name="Call getAmerican FlightsFlow"/>
            <processor-chain>
                <flow-ref name="getDeltaFlightsFlow" doc:name="Call getDelta FlightsFlow"/>
                <payload-type-filter expectedType="java.util.ArrayList" doc:name="Payload: Filter ArrayList"/>
            </processor-chain>
            <flow-ref name="getUnitedFlightsFlow" doc:name="Call getUnited FlightsFlow"/>
        </scatter-gather>
        <dw:transform-message doc:name="Collection of ArrayLists to a Single ArrayList">
            <dw:set-payload><![CDATA[%dw 1.0
%output application/java
---
flatten payload default []]]></dw:set-payload>
        </dw:transform-message>
        <logger message="#[payload]" level="INFO" doc:name="Logger"/>
    </flow>
    <flow name="getUnitedFlightsFlow">
        <http:listener config-ref="HTTP_Listener_Configuration" path="/united" allowedMethods="GET" doc:name="HTTP"/>
        <flow-ref name="setCityCodeSubflow" doc:name="Call setCityCode Subflow"/>
        <http:request config-ref="United_REST_Connector" path="/{city}" method="GET" doc:name="HTTP: Invoke United REST Service">
            <http:request-builder>
                <http:uri-param paramName="city" value="#[flowVars.cityCode]"/>
            </http:request-builder>
        </http:request>
        <dw:transform-message doc:name="JSON Array to Java ArrayList" metadata:id="cd5823d3-3322-43cd-920a-43b5256688a4">
            <dw:input-payload doc:sample="unitedResponse.json" mimeType="application/json"/>
            <dw:set-payload resource="classpath:united_payload.dwl"/>
        </dw:transform-message>
        <logger message="#[payload]" level="INFO" doc:name="Logger"/>
    </flow>


    <flow name="getAmericanFlightsFlow">
        <http:listener config-ref="HTTP_Listener_Configuration" path="/american" allowedMethods="GET" doc:name="HTTP"/>
        <flow-ref name="setCityCodeSubflow" doc:name="Call setCityCode Subflow"/>
        <db:select config-ref="American_MySQL_Connector" doc:name="Database: Invoke American DB Service">
            <db:parameterized-query><![CDATA[SELECT * FROM american 
	WHERE toAirport = #[flowVars.cityCode]
	OR #[flowVars.cityCode == empty]]]></db:parameterized-query>
        </db:select>
        <dw:transform-message doc:name="DB LinkedList to Java ArrayList" metadata:id="019e6c03-faa0-49b6-9274-fa36fc53bcf3">
            <dw:set-payload resource="classpath:american_payload.dwl"/>
        </dw:transform-message>
        <logger message="#[payload]" level="INFO" doc:name="Logger"/>
    </flow>
    <flow name="getDeltaFlightsFlow">
        <http:listener config-ref="HTTP_Listener_Configuration" path="/delta" allowedMethods="GET" doc:name="HTTP"/>
        <flow-ref name="setCityCodeSubflow" doc:name="Call setCityCode Subflow"/>
        <choice doc:name="Choice">
            <when expression="#[flowVars.cityCode != empty]">
                <dw:transform-message doc:name="Transform Message">
                    <dw:set-payload><![CDATA[%dw 1.0
%output application/xml
%namespace ns0 http://soap.training.mulesoft.com/
---
{
	ns0#findFlight: {
		destination: flowVars.cityCode as :string
	}
}]]></dw:set-payload>
                </dw:transform-message>
                <ws:consumer config-ref="Delta_SOAP_Connector" operation="findFlight" doc:name="Web Service Consumer: Invoke Delta SOAP Service based on cityCode"/>
                <dw:transform-message doc:name="Transform Message" metadata:id="4d756450-2dad-4a5c-a023-74b655846a45">
                    <dw:set-payload><![CDATA[%dw 1.0
%output application/java
%namespace ns0 http://soap.training.mulesoft.com/
---
payload.ns0#findFlightResponse.*return map ((return , indexOfReturn) -> {
	airline: return.airlineName,
	flightCode: return.code,
	fromAirportCode: return.origin,
	toAirportCode: return.destination,
	departureDate: return.departureDate as :date {format: 'yyyy/MM/dd'} as :string {format: 'MMM dd, yyyy'},
	emptySeats: return.emptySeats as :number,
	totalSeats: 130,
	price: return.price as :number,
	planeType: return.planeType replace "Boing" with "Boeing"
})]]></dw:set-payload>
                </dw:transform-message>
            </when>
            <otherwise>
                <ws:consumer config-ref="Delta_SOAP_Connector" operation="listAllFlights" doc:name="Web Service Consumer: Invoke Delta SOAP Service"/>
                <dw:transform-message doc:name="XML to Java ArrayList" metadata:id="54b2a687-ad04-4430-aa1f-b828caac31bc">
                    <dw:set-payload resource="classpath:delta_payload.dwl"/>
                </dw:transform-message>
            </otherwise>
        </choice>
        <logger message="#[payload]" level="INFO" doc:name="Logger"/>
    </flow>
    <sub-flow name="setCityCodeSubflow">
        <set-variable variableName="cityCode" value="#[(message.inboundProperties.'http.query.params'.code == empty) ? '' : message.inboundProperties.'http.query.params'.code]" doc:name="Variable: cityCode"/>
    </sub-flow>

    <flow name="getAmericanFlightByIdFlow">
        <http:listener config-ref="HTTP_Listener_Configuration" path="/american/{ID}" allowedMethods="GET" doc:name="HTTP"/>
        <db:select config-ref="American_MySQL_Connector" doc:name="Database: Invoke American DB Service">
            <db:parameterized-query><![CDATA[SELECT * FROM american WHERE ID = #[message.inboundProperties.'http.uri.params'.ID]]]></db:parameterized-query>
        </db:select>
        <json:object-to-json-transformer doc:name="Object to JSON"/>
        <logger message="#[payload]" level="INFO" doc:name="Logger"/>
    </flow>

</mule>
